Wall time,Step,Value
1692936671.1145937,0,2.3311147689819336
1692936695.783542,1,2.3029301166534424
1692936720.316341,2,2.3030776977539062
1692936745.494644,3,2.30305814743042
1692936772.5389612,4,2.303060531616211
1692936798.563452,5,2.303021192550659
1692936823.866171,6,2.3030872344970703
1692936848.7812433,7,2.3030519485473633
1692936872.8796546,8,2.303110361099243
1692936897.025493,9,2.3030500411987305
1692936922.115615,10,2.3030295372009277
1692936946.821335,11,2.303091526031494
1692936972.7171671,12,2.3030755519866943
1692936998.6739879,13,2.3029706478118896
1692937027.9475565,14,2.3030455112457275
1692937055.9522924,15,2.302922487258911
1692937084.4148126,16,2.3029253482818604
1692937112.4049315,17,2.303039789199829
1692937140.0437403,18,2.3029918670654297
1692937168.4312963,19,2.303044319152832
1692937197.1925466,20,2.303037405014038
1692937226.564064,21,2.3029580116271973
1692937255.6311233,22,2.3030574321746826
1692937282.904263,23,2.3030498027801514
1692937311.336683,24,2.303071975708008
1692937342.0389454,25,2.3030636310577393
1692937370.7928138,26,2.3030152320861816
1692937399.2798917,27,2.302954912185669
1692937428.9727576,28,2.3030145168304443
1692937458.0377812,29,2.3030331134796143
1692937485.5678482,30,2.303032875061035
1692937510.6240067,31,2.30302095413208
1692937536.4461312,32,2.3030142784118652
1692937564.845672,33,2.303062677383423
1692937591.447457,34,2.303016424179077
1692937619.126355,35,2.3030648231506348
1692937644.7890792,36,2.3030149936676025
1692937671.7827673,37,2.3030948638916016
1692937698.6915655,38,2.3030407428741455
1692937723.4828258,39,2.303046464920044
1692937749.949567,40,2.302978515625
1692937774.8215325,41,2.3029849529266357
1692937800.863611,42,2.30304217338562
1692937828.093382,43,2.3030941486358643
1692937854.2934515,44,2.302959442138672
1692937884.7622275,45,2.303100824356079
1692937912.1109788,46,2.303049087524414
1692937938.658851,47,2.3029050827026367
1692937964.5596004,48,2.3029563426971436
1692937990.6313264,49,2.3030881881713867
